{
    "success": "1",
    "data": [
        {
            "id": "1",
            "title": "Title 1",
            "image": "1.jpg"
        },
        {
            "id": "2",
            "title": "Title 2",
            "image": "1.jpg"
        },
        {
            "id": "3",
            "title": "Title 3",
            "image": "1.jpg"
        },
        {
            "id": "4",
            "title": "Title 4",
            "image": "1.jpg"
        },
        {
            "id": "5",
            "title": "Title 5",
            "image": "1.jpg"
        },
        {
            "id": "6",
            "title": "Title 6",
            "image": "1.jpg"
        },
        {
            "id": "7",
            "title": "Title 7",
            "image": "1.jpg"
        },
        {
            "id": "8",
            "title": "Title 8 ",
            "image": "1.jpg"
        },
        {
            "id": "9",
            "title": "Title 9 ",
            "image": "1.jpg"
        },
        {
            "id": "10",
            "title": "Title 10 ",
            "image": "1.jpg"
        },
        {
            "id": "11",
            "title": "Title 11 ",
            "image": "1.jpg"
        },
        {
            "id": "12",
            "title": "Title 12 ",
            "image": "1.jpg"
        },
        {
            "id": "13",
            "title": "Title 13 ",
            "image": "1.jpg"
        },
        {
            "id": "14",
            "title": "Title 14 ",
            "image": "1.jpg"
        },
        {
            "id": "15",
            "title": "Title 15 ",
            "image": "1.jpg"
        },
        {
            "id": "16",
            "title": "Title 16 ",
            "image": "1.jpg"
        },
        {
            "id": "17",
            "title": "Title 17 ",
            "image": "1.jpg"
        },
        {
            "id": "18",
            "title": "Title 18 ",
            "image": "1.jpg"
        },
        {
            "id": "19",
            "title": "Title 19 ",
            "image": "1.jpg"
        },
        {
            "id": "20",
            "title": "Title 20 ",
            "image": "1.jpg"
        },
        {
            "id": "21",
            "title": "Title 21 ",
            "image": "1.jpg"
        },
        {
            "id": "22",
            "title": "Title 22 ",
            "image": "1.jpg"
        },
        {
            "id": "23",
            "title": "Title 23 ",
            "image": "1.jpg"
        },
        {
            "id": "24",
            "title": "Title 24 ",
            "image": "1.jpg"
        },
        {
            "id": "25",
            "title": "Title 25 ",
            "image": "1.jpg"
        }
    ]
}